{
    "foreground_intensity_properties_per_channel": {
        "0": {
            "max": 200.0,
            "mean": 71.4432373046875,
            "median": 78.0,
            "min": 6.0,
            "percentile_00_5": 8.0,
            "percentile_99_5": 169.0,
            "std": 41.683528900146484
        },
        "1": {
            "max": 200.0,
            "mean": 71.44103240966797,
            "median": 78.0,
            "min": 6.0,
            "percentile_00_5": 8.0,
            "percentile_99_5": 169.0,
            "std": 41.68144989013672
        }
    },
    "median_relative_size_after_cropping": 1.0,
    "shapes_after_crop": [
        [
            1,
            512,
            512
        ],
        [
            1,
            512,
            512
        ],
        [
            1,
            466,
            512
        ],
        [
            1,
            512,
            512
        ],
        [
            1,
            512,
            512
        ]
    ],
    "spacings": [
        [
            999,
            1,
            1
        ],
        [
            999,
            1,
            1
        ],
        [
            999,
            1,
            1
        ],
        [
            999,
            1,
            1
        ],
        [
            999,
            1,
            1
        ]
    ]
}